First,Last,Company,Title,Email,City,State,Zip,Country
Robert,Martinez,Coca-Cola Ltd,Consultant,robert.martinez.0@coke.demo.com,Atlanta,GA,30301,USA
Matthew,Hernandez,Colgate Palmolive,Director,matthew.hernandez.1@colgate.demo.com,Boston,MA,02101,USA
David,Lopez,Costco,Analyst,david.lopez.2@costco.demo.com,Seattle,WA,98101,USA
Mark,Gonzalez,Cadbury,Director,mark.gonzalez.3@cadbury.demo.com,Denver,CO,80202,USA
Karen,Wilson,Caterpillar,Coordinator,karen.wilson.4@caterpillar.demo.com,Miami,FL,33101,USA
John,Anderson,Comcast,Engineer,john.anderson.5@comcast.demo.com,Denver,CO,80202,USA
Karen,Thomas,Chevron,Consultant,karen.thomas.6@chevron.demo.com,Portland,OR,97201,USA
Linda,Taylor,Chrysler,Coordinator,linda.taylor.7@chrysler.demo.com,Atlanta,GA,30301,USA
Betty,Moore,Citigroup,Manager,betty.moore.8@citigroup.demo.com,Seattle,WA,98101,USA
William,Jackson,Cisco,Specialist,william.jackson.9@cisco.demo.com,Austin,TX,78701,USA
Sandra,Martin,Campbell's,Engineer,sandra.martin.10@campbells.demo.com,Chicago,IL,60601,USA
Joseph,Lee,Conagra,Director,joseph.lee.11@conagra.demo.com,Austin,TX,78701,USA
John,Perez,Cardinal Health,VP,john.perez.12@cardinal.demo.com,Miami,FL,33101,USA
Thomas,Thompson,Cigna,Director,thomas.thompson.13@cigna.demo.com,Portland,OR,97201,USA
Mary,White,CVS Health,Analyst,mary.white.14@cvs.demo.com,Denver,CO,80202,USA
Daniel,Davis,PepsiCo,Specialist,daniel.davis.15@pepsico.demo.com,Denver,CO,80202,USA
David,Wilson,Unilever,Analyst,david.wilson.16@unilever.demo.com,Portland,OR,97201,USA
Betty,Harris,Amazon,Coordinator,betty.harris.17@amazon.demo.com,Portland,OR,97201,USA
Jessica,Davis,Microsoft,VP,jessica.davis.18@microsoft.demo.com,Chicago,IL,60601,USA
Mark,Clark,Apple Inc,Engineer,mark.clark.19@apple.demo.com,Chicago,IL,60601,USA
Sarah,Martin,Walmart,VP,sarah.martin.20@walmart.demo.com,Miami,FL,33101,USA
Patricia,Moore,Target,VP,patricia.moore.21@target.demo.com,Portland,OR,97201,USA
Charles,Jones,Ford,Director,charles.jones.22@ford.demo.com,Miami,FL,33101,USA
Linda,Brown,Disney,Consultant,linda.brown.23@disney.demo.com,Boston,MA,02101,USA
Betty,Anderson,Netflix,Coordinator,betty.anderson.24@netflix.demo.com,Miami,FL,33101,USA
Elizabeth,Thomas,Nike,Consultant,elizabeth.thomas.25@nike.demo.com,Austin,TX,78701,USA
Mary,Perez,Starbucks,VP,mary.perez.26@starbucks.demo.com,Portland,OR,97201,USA
Charles,Taylor,McDonalds,Engineer,charles.taylor.27@mcdonalds.demo.com,Portland,OR,97201,USA
John,Miller,Boeing,Director,john.miller.28@boeing.demo.com,Chicago,IL,60601,USA
Thomas,Thomas,JPMorgan,Consultant,thomas.thomas.29@jpm.demo.com,Miami,FL,33101,USA
Robert,Rodriguez,BofA,Director,robert.rodriguez.30@bofa.demo.com,Miami,FL,33101,USA
Daniel,Smith,Wells Fargo,Director,daniel.smith.31@wells.demo.com,Denver,CO,80202,USA
David,Harris,Pfizer,Specialist,david.harris.32@pfizer.demo.com,Portland,OR,97201,USA
Matthew,Martin,J&J,Engineer,matthew.martin.33@jnj.demo.com,Atlanta,GA,30301,USA
Susan,White,Merck,Coordinator,susan.white.34@merck.demo.com,Atlanta,GA,30301,USA
Robert,Martin,Home Depot,Consultant,robert.martin.35@homedepot.demo.com,Austin,TX,78701,USA
Sarah,Harris,Lowes,Manager,sarah.harris.36@lowes.demo.com,Chicago,IL,60601,USA
John,Jones,UPS,Analyst,john.jones.37@ups.demo.com,Miami,FL,33101,USA
Lisa,Lee,FedEx,VP,lisa.lee.38@fedex.demo.com,Chicago,IL,60601,USA
Linda,Davis,Visa,VP,linda.davis.39@visa.demo.com,Boston,MA,02101,USA
James,Robinson,Mastercard,Director,james.robinson.40@mastercard.demo.com,Seattle,WA,98101,USA
Susan,Williams,Oracle,Coordinator,susan.williams.41@oracle.demo.com,Chicago,IL,60601,USA
Margaret,Ramirez,IBM,Consultant,margaret.ramirez.42@ibm.demo.com,Denver,CO,80202,USA
Thomas,Lewis,Intel,Analyst,thomas.lewis.43@intel.demo.com,Seattle,WA,98101,USA
Robert,Jones,Nvidia,Director,robert.jones.44@nvidia.demo.com,Austin,TX,78701,USA
Karen,Jones,Meta,Manager,karen.jones.45@meta.demo.com,Austin,TX,78701,USA
Linda,Gonzalez,Tesla,VP,linda.gonzalez.46@tesla.demo.com,Chicago,IL,60601,USA
Margaret,Harris,Google LLC,Manager,margaret.harris.47@alphabet.demo.com,Chicago,IL,60601,USA
William,Hernandez,P&G,VP,william.hernandez.48@pg.demo.com,Atlanta,GA,30301,USA
Jennifer,Taylor,UnitedHealth,Consultant,jennifer.taylor.49@unitedhealth.demo.com,Atlanta,GA,30301,USA
Jessica,Lopez,Aberdeen Asset Management,VP,jessica.lopez.50@off-0.demo.com,Boston,MA,02101,USA
John,Gonzalez,Aberdeen Asset Management,Engineer,john.gonzalez.51@off-0.demo.com,Seattle,WA,98101,USA
Karen,Wilson,Aberdeen Asset Management,Consultant,karen.wilson.52@off-0.demo.com,Austin,TX,78701,USA
Michael,Anderson,Aberdeen Asset Management,Specialist,michael.anderson.53@off-0.demo.com,Chicago,IL,60601,USA
Nancy,Thomas,Aberdeen Asset Management,Coordinator,nancy.thomas.54@off-0.demo.com,Denver,CO,80202,USA
David,Taylor,Aberdeen Asset Management,Analyst,david.taylor.55@off-0.demo.com,Miami,FL,33101,USA
Margaret,Moore,Aberdeen Asset Management,Manager,margaret.moore.56@off-0.demo.com,Portland,OR,97201,USA
Joseph,Jackson,Aberdeen Asset Management,Director,joseph.jackson.57@off-0.demo.com,Atlanta,GA,30301,USA
Mary,Martin,Aberdeen Asset Management,VP,mary.martin.58@off-0.demo.com,Boston,MA,02101,USA
Charles,Lee,Aberdeen Asset Management,Engineer,charles.lee.59@off-0.demo.com,Seattle,WA,98101,USA
Jennifer,Perez,Admiral Group,Manager,jennifer.perez.60@off-1.demo.com,Austin,TX,78701,USA
Daniel,Thompson,Admiral Group,Director,daniel.thompson.61@off-1.demo.com,Chicago,IL,60601,USA
Elizabeth,White,Admiral Group,VP,elizabeth.white.62@off-1.demo.com,Denver,CO,80202,USA
Anthony,Harris,Admiral Group,Engineer,anthony.harris.63@off-1.demo.com,Miami,FL,33101,USA
Susan,Sanchez,Admiral Group,Consultant,susan.sanchez.64@off-1.demo.com,Portland,OR,97201,USA
James,Clark,Admiral Group,Specialist,james.clark.65@off-1.demo.com,Atlanta,GA,30301,USA
Sarah,Ramirez,Admiral Group,Coordinator,sarah.ramirez.66@off-1.demo.com,Boston,MA,02101,USA
Robert,Lewis,Admiral Group,Analyst,robert.lewis.67@off-1.demo.com,Seattle,WA,98101,USA
Lisa,Robinson,Admiral Group,Manager,lisa.robinson.68@off-1.demo.com,Austin,TX,78701,USA
William,Smith,Admiral Group,Director,william.smith.69@off-1.demo.com,Chicago,IL,60601,USA
Betty,Johnson,Aggreko,Consultant,betty.johnson.70@off-2.demo.com,Denver,CO,80202,USA
Richard,Williams,Aggreko,Specialist,richard.williams.71@off-2.demo.com,Miami,FL,33101,USA
Sandra,Brown,Aggreko,Coordinator,sandra.brown.72@off-2.demo.com,Portland,OR,97201,USA
Thomas,Jones,Aggreko,Analyst,thomas.jones.73@off-2.demo.com,Atlanta,GA,30301,USA
Patricia,Garcia,Aggreko,Manager,patricia.garcia.74@off-2.demo.com,Boston,MA,02101,USA
Christopher,Miller,Aggreko,Director,christopher.miller.75@off-2.demo.com,Seattle,WA,98101,USA
Linda,Davis,Aggreko,VP,linda.davis.76@off-2.demo.com,Austin,TX,78701,USA
Matthew,Rodriguez,Aggreko,Engineer,matthew.rodriguez.77@off-2.demo.com,Chicago,IL,60601,USA
Barbara,Martinez,Aggreko,Consultant,barbara.martinez.78@off-2.demo.com,Denver,CO,80202,USA
Mark,Hernandez,Aggreko,Specialist,mark.hernandez.79@off-2.demo.com,Miami,FL,33101,USA
Jessica,Lopez,AMEC,Engineer,jessica.lopez.80@off-3.demo.com,Portland,OR,97201,USA
John,Gonzalez,AMEC,Consultant,john.gonzalez.81@off-3.demo.com,Atlanta,GA,30301,USA
Karen,Wilson,AMEC,Specialist,karen.wilson.82@off-3.demo.com,Boston,MA,02101,USA
Michael,Anderson,AMEC,Coordinator,michael.anderson.83@off-3.demo.com,Seattle,WA,98101,USA
Nancy,Thomas,AMEC,Analyst,nancy.thomas.84@off-3.demo.com,Austin,TX,78701,USA
David,Taylor,AMEC,Manager,david.taylor.85@off-3.demo.com,Chicago,IL,60601,USA
Margaret,Moore,AMEC,Director,margaret.moore.86@off-3.demo.com,Denver,CO,80202,USA
Joseph,Jackson,AMEC,VP,joseph.jackson.87@off-3.demo.com,Miami,FL,33101,USA
Mary,Martin,AMEC,Engineer,mary.martin.88@off-3.demo.com,Portland,OR,97201,USA
Charles,Lee,AMEC,Consultant,charles.lee.89@off-3.demo.com,Atlanta,GA,30301,USA
Jennifer,Perez,Anglo American plc,Engineer,jennifer.perez.90@off-4.demo.com,Boston,MA,02101,USA
Daniel,Thompson,Anglo American plc,Consultant,daniel.thompson.91@off-4.demo.com,Seattle,WA,98101,USA
Elizabeth,White,Anglo American plc,Specialist,elizabeth.white.92@off-4.demo.com,Austin,TX,78701,USA
Anthony,Harris,Anglo American plc,Coordinator,anthony.harris.93@off-4.demo.com,Chicago,IL,60601,USA
Susan,Sanchez,Anglo American plc,Analyst,susan.sanchez.94@off-4.demo.com,Denver,CO,80202,USA
James,Clark,Anglo American plc,Manager,james.clark.95@off-4.demo.com,Miami,FL,33101,USA
Sarah,Ramirez,Anglo American plc,Director,sarah.ramirez.96@off-4.demo.com,Portland,OR,97201,USA
Robert,Lewis,Anglo American plc,VP,robert.lewis.97@off-4.demo.com,Atlanta,GA,30301,USA
Lisa,Robinson,Anglo American plc,Engineer,lisa.robinson.98@off-4.demo.com,Boston,MA,02101,USA
William,Smith,Anglo American plc,Consultant,william.smith.99@off-4.demo.com,Seattle,WA,98101,USA
Betty,Johnson,Antofagasta,Coordinator,betty.johnson.100@off-5.demo.com,Austin,TX,78701,USA
Richard,Williams,Antofagasta,Analyst,richard.williams.101@off-5.demo.com,Chicago,IL,60601,USA
Sandra,Brown,Antofagasta,Manager,sandra.brown.102@off-5.demo.com,Denver,CO,80202,USA
Thomas,Jones,Antofagasta,Director,thomas.jones.103@off-5.demo.com,Miami,FL,33101,USA
Patricia,Garcia,Antofagasta,VP,patricia.garcia.104@off-5.demo.com,Portland,OR,97201,USA
Christopher,Miller,Antofagasta,Engineer,christopher.miller.105@off-5.demo.com,Atlanta,GA,30301,USA
Linda,Davis,Antofagasta,Consultant,linda.davis.106@off-5.demo.com,Boston,MA,02101,USA
Matthew,Rodriguez,Antofagasta,Specialist,matthew.rodriguez.107@off-5.demo.com,Seattle,WA,98101,USA
Barbara,Martinez,Antofagasta,Coordinator,barbara.martinez.108@off-5.demo.com,Austin,TX,78701,USA
Mark,Hernandez,Antofagasta,Analyst,mark.hernandez.109@off-5.demo.com,Chicago,IL,60601,USA
Jessica,Lopez,ARM Holdings,Director,jessica.lopez.110@off-6.demo.com,Denver,CO,80202,USA
John,Gonzalez,ARM Holdings,VP,john.gonzalez.111@off-6.demo.com,Miami,FL,33101,USA
Karen,Wilson,ARM Holdings,Engineer,karen.wilson.112@off-6.demo.com,Portland,OR,97201,USA
Michael,Anderson,ARM Holdings,Consultant,michael.anderson.113@off-6.demo.com,Atlanta,GA,30301,USA
Nancy,Thomas,ARM Holdings,Specialist,nancy.thomas.114@off-6.demo.com,Boston,MA,02101,USA
David,Taylor,ARM Holdings,Coordinator,david.taylor.115@off-6.demo.com,Seattle,WA,98101,USA
Margaret,Moore,ARM Holdings,Analyst,margaret.moore.116@off-6.demo.com,Austin,TX,78701,USA
Joseph,Jackson,ARM Holdings,Manager,joseph.jackson.117@off-6.demo.com,Chicago,IL,60601,USA
Mary,Martin,ARM Holdings,Director,mary.martin.118@off-6.demo.com,Denver,CO,80202,USA
Charles,Lee,ARM Holdings,VP,charles.lee.119@off-6.demo.com,Miami,FL,33101,USA
Jennifer,Perez,Associated British Foods,Analyst,jennifer.perez.120@off-7.demo.com,Portland,OR,97201,USA
Daniel,Thompson,Associated British Foods,Manager,daniel.thompson.121@off-7.demo.com,Atlanta,GA,30301,USA
Elizabeth,White,Associated British Foods,Director,elizabeth.white.122@off-7.demo.com,Boston,MA,02101,USA
Anthony,Harris,Associated British Foods,VP,anthony.harris.123@off-7.demo.com,Seattle,WA,98101,USA
Susan,Sanchez,Associated British Foods,Engineer,susan.sanchez.124@off-7.demo.com,Austin,TX,78701,USA
James,Clark,Associated British Foods,Consultant,james.clark.125@off-7.demo.com,Chicago,IL,60601,USA
Sarah,Ramirez,Associated British Foods,Specialist,sarah.ramirez.126@off-7.demo.com,Denver,CO,80202,USA
Robert,Lewis,Associated British Foods,Coordinator,robert.lewis.127@off-7.demo.com,Miami,FL,33101,USA
Lisa,Robinson,Associated British Foods,Analyst,lisa.robinson.128@off-7.demo.com,Portland,OR,97201,USA
William,Smith,Associated British Foods,Manager,william.smith.129@off-7.demo.com,Atlanta,GA,30301,USA
Betty,Johnson,AstraZeneca,Consultant,betty.johnson.130@off-8.demo.com,Boston,MA,02101,USA
Richard,Williams,AstraZeneca,Specialist,richard.williams.131@off-8.demo.com,Seattle,WA,98101,USA
Sandra,Brown,AstraZeneca,Coordinator,sandra.brown.132@off-8.demo.com,Austin,TX,78701,USA
Thomas,Jones,AstraZeneca,Analyst,thomas.jones.133@off-8.demo.com,Chicago,IL,60601,USA
Patricia,Garcia,AstraZeneca,Manager,patricia.garcia.134@off-8.demo.com,Denver,CO,80202,USA
Christopher,Miller,AstraZeneca,Director,christopher.miller.135@off-8.demo.com,Miami,FL,33101,USA
Linda,Davis,AstraZeneca,VP,linda.davis.136@off-8.demo.com,Portland,OR,97201,USA
Matthew,Rodriguez,AstraZeneca,Engineer,matthew.rodriguez.137@off-8.demo.com,Atlanta,GA,30301,USA
Barbara,Martinez,AstraZeneca,Consultant,barbara.martinez.138@off-8.demo.com,Boston,MA,02101,USA
Mark,Hernandez,AstraZeneca,Specialist,mark.hernandez.139@off-8.demo.com,Seattle,WA,98101,USA
Jessica,Lopez,Aviva,Manager,jessica.lopez.140@off-9.demo.com,Austin,TX,78701,USA
John,Gonzalez,Aviva,Director,john.gonzalez.141@off-9.demo.com,Chicago,IL,60601,USA
Karen,Wilson,Aviva,VP,karen.wilson.142@off-9.demo.com,Denver,CO,80202,USA
Michael,Anderson,Aviva,Engineer,michael.anderson.143@off-9.demo.com,Miami,FL,33101,USA
Nancy,Thomas,Aviva,Consultant,nancy.thomas.144@off-9.demo.com,Portland,OR,97201,USA
David,Taylor,Aviva,Specialist,david.taylor.145@off-9.demo.com,Atlanta,GA,30301,USA
Margaret,Moore,Aviva,Coordinator,margaret.moore.146@off-9.demo.com,Boston,MA,02101,USA
Joseph,Jackson,Aviva,Analyst,joseph.jackson.147@off-9.demo.com,Seattle,WA,98101,USA
Mary,Martin,Aviva,Manager,mary.martin.148@off-9.demo.com,Austin,TX,78701,USA
Charles,Lee,Aviva,Director,charles.lee.149@off-9.demo.com,Chicago,IL,60601,USA
Michael,Perez,Babcock International,VP,michael.perez.150@off-10.demo.com,Denver,CO,80202,USA
Nancy,Thompson,Babcock International,Engineer,nancy.thompson.151@off-10.demo.com,Miami,FL,33101,USA
David,White,Babcock International,Consultant,david.white.152@off-10.demo.com,Portland,OR,97201,USA
Margaret,Harris,Babcock International,Specialist,margaret.harris.153@off-10.demo.com,Atlanta,GA,30301,USA
Joseph,Sanchez,Babcock International,Coordinator,joseph.sanchez.154@off-10.demo.com,Boston,MA,02101,USA
Mary,Clark,Babcock International,Analyst,mary.clark.155@off-10.demo.com,Seattle,WA,98101,USA
Charles,Ramirez,Babcock International,Manager,charles.ramirez.156@off-10.demo.com,Austin,TX,78701,USA
Jennifer,Lewis,Babcock International,Director,jennifer.lewis.157@off-10.demo.com,Chicago,IL,60601,USA
Daniel,Robinson,Babcock International,VP,daniel.robinson.158@off-10.demo.com,Denver,CO,80202,USA
Elizabeth,Smith,Babcock International,Engineer,elizabeth.smith.159@off-10.demo.com,Miami,FL,33101,USA
Anthony,Johnson,BAE Systems,VP,anthony.johnson.160@off-11.demo.com,Portland,OR,97201,USA
Susan,Williams,BAE Systems,Engineer,susan.williams.161@off-11.demo.com,Atlanta,GA,30301,USA
James,Brown,BAE Systems,Consultant,james.brown.162@off-11.demo.com,Boston,MA,02101,USA
Sarah,Jones,BAE Systems,Specialist,sarah.jones.163@off-11.demo.com,Seattle,WA,98101,USA
Robert,Garcia,BAE Systems,Coordinator,robert.garcia.164@off-11.demo.com,Austin,TX,78701,USA
Lisa,Miller,BAE Systems,Analyst,lisa.miller.165@off-11.demo.com,Chicago,IL,60601,USA
William,Davis,BAE Systems,Manager,william.davis.166@off-11.demo.com,Denver,CO,80202,USA
Betty,Rodriguez,BAE Systems,Director,betty.rodriguez.167@off-11.demo.com,Miami,FL,33101,USA
Richard,Martinez,BAE Systems,VP,richard.martinez.168@off-11.demo.com,Portland,OR,97201,USA
Sandra,Hernandez,BAE Systems,Engineer,sandra.hernandez.169@off-11.demo.com,Atlanta,GA,30301,USA
Thomas,Lopez,Barclays,Director,thomas.lopez.170@off-12.demo.com,Boston,MA,02101,USA
Patricia,Gonzalez,Barclays,VP,patricia.gonzalez.171@off-12.demo.com,Seattle,WA,98101,USA
Christopher,Wilson,Barclays,Engineer,christopher.wilson.172@off-12.demo.com,Austin,TX,78701,USA
Linda,Anderson,Barclays,Consultant,linda.anderson.173@off-12.demo.com,Chicago,IL,60601,USA
Matthew,Thomas,Barclays,Specialist,matthew.thomas.174@off-12.demo.com,Denver,CO,80202,USA
Barbara,Taylor,Barclays,Coordinator,barbara.taylor.175@off-12.demo.com,Miami,FL,33101,USA
Mark,Moore,Barclays,Analyst,mark.moore.176@off-12.demo.com,Portland,OR,97201,USA
Jessica,Jackson,Barclays,Manager,jessica.jackson.177@off-12.demo.com,Atlanta,GA,30301,USA
John,Martin,Barclays,Director,john.martin.178@off-12.demo.com,Boston,MA,02101,USA
Karen,Lee,Barclays,VP,karen.lee.179@off-12.demo.com,Seattle,WA,98101,USA
Michael,Perez,BG Group,Engineer,michael.perez.180@off-13.demo.com,Austin,TX,78701,USA
Nancy,Thompson,BG Group,Consultant,nancy.thompson.181@off-13.demo.com,Chicago,IL,60601,USA
David,White,BG Group,Specialist,david.white.182@off-13.demo.com,Denver,CO,80202,USA
Margaret,Harris,BG Group,Coordinator,margaret.harris.183@off-13.demo.com,Miami,FL,33101,USA
Joseph,Sanchez,BG Group,Analyst,joseph.sanchez.184@off-13.demo.com,Portland,OR,97201,USA
Mary,Clark,BG Group,Manager,mary.clark.185@off-13.demo.com,Atlanta,GA,30301,USA
Charles,Ramirez,BG Group,Director,charles.ramirez.186@off-13.demo.com,Boston,MA,02101,USA
Jennifer,Lewis,BG Group,VP,jennifer.lewis.187@off-13.demo.com,Seattle,WA,98101,USA
Daniel,Robinson,BG Group,Engineer,daniel.robinson.188@off-13.demo.com,Austin,TX,78701,USA
Elizabeth,Smith,BG Group,Consultant,elizabeth.smith.189@off-13.demo.com,Chicago,IL,60601,USA
Anthony,Johnson,BHP Billiton,Director,anthony.johnson.190@off-14.demo.com,Denver,CO,80202,USA
Susan,Williams,BHP Billiton,VP,susan.williams.191@off-14.demo.com,Miami,FL,33101,USA
James,Brown,BHP Billiton,Engineer,james.brown.192@off-14.demo.com,Portland,OR,97201,USA
Sarah,Jones,BHP Billiton,Consultant,sarah.jones.193@off-14.demo.com,Atlanta,GA,30301,USA
Robert,Garcia,BHP Billiton,Specialist,robert.garcia.194@off-14.demo.com,Boston,MA,02101,USA
Lisa,Miller,BHP Billiton,Coordinator,lisa.miller.195@off-14.demo.com,Seattle,WA,98101,USA
William,Davis,BHP Billiton,Analyst,william.davis.196@off-14.demo.com,Austin,TX,78701,USA
Betty,Rodriguez,BHP Billiton,Manager,betty.rodriguez.197@off-14.demo.com,Chicago,IL,60601,USA
Richard,Martinez,BHP Billiton,Director,richard.martinez.198@off-14.demo.com,Denver,CO,80202,USA
Sandra,Hernandez,BHP Billiton,VP,sandra.hernandez.199@off-14.demo.com,Miami,FL,33101,USA
Thomas,Lopez,British American Tobacco,Analyst,thomas.lopez.200@off-15.demo.com,Portland,OR,97201,USA
Patricia,Gonzalez,British American Tobacco,Manager,patricia.gonzalez.201@off-15.demo.com,Atlanta,GA,30301,USA
Christopher,Wilson,British American Tobacco,Director,christopher.wilson.202@off-15.demo.com,Boston,MA,02101,USA
Linda,Anderson,British American Tobacco,VP,linda.anderson.203@off-15.demo.com,Seattle,WA,98101,USA
Matthew,Thomas,British American Tobacco,Engineer,matthew.thomas.204@off-15.demo.com,Austin,TX,78701,USA
Barbara,Taylor,British American Tobacco,Consultant,barbara.taylor.205@off-15.demo.com,Chicago,IL,60601,USA
Mark,Moore,British American Tobacco,Specialist,mark.moore.206@off-15.demo.com,Denver,CO,80202,USA
Jessica,Jackson,British American Tobacco,Coordinator,jessica.jackson.207@off-15.demo.com,Miami,FL,33101,USA
John,Martin,British American Tobacco,Analyst,john.martin.208@off-15.demo.com,Portland,OR,97201,USA
Karen,Lee,British American Tobacco,Manager,karen.lee.209@off-15.demo.com,Atlanta,GA,30301,USA
Michael,Perez,British Land Co,Manager,michael.perez.210@off-16.demo.com,Boston,MA,02101,USA
Nancy,Thompson,British Land Co,Director,nancy.thompson.211@off-16.demo.com,Seattle,WA,98101,USA
David,White,British Land Co,VP,david.white.212@off-16.demo.com,Austin,TX,78701,USA
Margaret,Harris,British Land Co,Engineer,margaret.harris.213@off-16.demo.com,Chicago,IL,60601,USA
Joseph,Sanchez,British Land Co,Consultant,joseph.sanchez.214@off-16.demo.com,Denver,CO,80202,USA
Mary,Clark,British Land Co,Specialist,mary.clark.215@off-16.demo.com,Miami,FL,33101,USA
Charles,Ramirez,British Land Co,Coordinator,charles.ramirez.216@off-16.demo.com,Portland,OR,97201,USA
Jennifer,Lewis,British Land Co,Analyst,jennifer.lewis.217@off-16.demo.com,Atlanta,GA,30301,USA
Daniel,Robinson,British Land Co,Manager,daniel.robinson.218@off-16.demo.com,Boston,MA,02101,USA
Elizabeth,Smith,British Land Co,Director,elizabeth.smith.219@off-16.demo.com,Seattle,WA,98101,USA
Anthony,Johnson,BSkyB,Manager,anthony.johnson.220@off-17.demo.com,Austin,TX,78701,USA
Susan,Williams,BSkyB,Director,susan.williams.221@off-17.demo.com,Chicago,IL,60601,USA
James,Brown,BSkyB,VP,james.brown.222@off-17.demo.com,Denver,CO,80202,USA
Sarah,Jones,BSkyB,Engineer,sarah.jones.223@off-17.demo.com,Miami,FL,33101,USA
Robert,Garcia,BSkyB,Consultant,robert.garcia.224@off-17.demo.com,Portland,OR,97201,USA
Lisa,Miller,BSkyB,Specialist,lisa.miller.225@off-17.demo.com,Atlanta,GA,30301,USA
William,Davis,BSkyB,Coordinator,william.davis.226@off-17.demo.com,Boston,MA,02101,USA
Betty,Rodriguez,BSkyB,Analyst,betty.rodriguez.227@off-17.demo.com,Seattle,WA,98101,USA
Richard,Martinez,BSkyB,Manager,richard.martinez.228@off-17.demo.com,Austin,TX,78701,USA
Sandra,Hernandez,BSkyB,Director,sandra.hernandez.229@off-17.demo.com,Chicago,IL,60601,USA
Thomas,Lopez,BT Group,Specialist,thomas.lopez.230@off-18.demo.com,Denver,CO,80202,USA
Patricia,Gonzalez,BT Group,Coordinator,patricia.gonzalez.231@off-18.demo.com,Miami,FL,33101,USA
Christopher,Wilson,BT Group,Analyst,christopher.wilson.232@off-18.demo.com,Portland,OR,97201,USA
Linda,Anderson,BT Group,Manager,linda.anderson.233@off-18.demo.com,Atlanta,GA,30301,USA
Matthew,Thomas,BT Group,Director,matthew.thomas.234@off-18.demo.com,Boston,MA,02101,USA
Barbara,Taylor,BT Group,VP,barbara.taylor.235@off-18.demo.com,Seattle,WA,98101,USA
Mark,Moore,BT Group,Engineer,mark.moore.236@off-18.demo.com,Austin,TX,78701,USA
Jessica,Jackson,BT Group,Consultant,jessica.jackson.237@off-18.demo.com,Chicago,IL,60601,USA
John,Martin,BT Group,Specialist,john.martin.238@off-18.demo.com,Denver,CO,80202,USA
Karen,Lee,BT Group,Coordinator,karen.lee.239@off-18.demo.com,Miami,FL,33101,USA
Michael,Perez,Bunzl,Consultant,michael.perez.240@off-19.demo.com,Portland,OR,97201,USA
Nancy,Thompson,Bunzl,Specialist,nancy.thompson.241@off-19.demo.com,Atlanta,GA,30301,USA
David,White,Bunzl,Coordinator,david.white.242@off-19.demo.com,Boston,MA,02101,USA
Margaret,Harris,Bunzl,Analyst,margaret.harris.243@off-19.demo.com,Seattle,WA,98101,USA
Joseph,Sanchez,Bunzl,Manager,joseph.sanchez.244@off-19.demo.com,Austin,TX,78701,USA
Mary,Clark,Bunzl,Director,mary.clark.245@off-19.demo.com,Chicago,IL,60601,USA
Charles,Ramirez,Bunzl,VP,charles.ramirez.246@off-19.demo.com,Denver,CO,80202,USA
Jennifer,Lewis,Bunzl,Engineer,jennifer.lewis.247@off-19.demo.com,Miami,FL,33101,USA
Daniel,Robinson,Bunzl,Consultant,daniel.robinson.248@off-19.demo.com,Portland,OR,97201,USA
Elizabeth,Smith,Bunzl,Specialist,elizabeth.smith.249@off-19.demo.com,Atlanta,GA,30301,USA
Anthony,Johnson,Burberry Group,Analyst,anthony.johnson.250@off-20.demo.com,Boston,MA,02101,USA
Susan,Williams,Burberry Group,Manager,susan.williams.251@off-20.demo.com,Seattle,WA,98101,USA
James,Brown,Burberry Group,Director,james.brown.252@off-20.demo.com,Austin,TX,78701,USA
Sarah,Jones,Burberry Group,VP,sarah.jones.253@off-20.demo.com,Chicago,IL,60601,USA
Robert,Garcia,Burberry Group,Engineer,robert.garcia.254@off-20.demo.com,Denver,CO,80202,USA
Lisa,Miller,Burberry Group,Consultant,lisa.miller.255@off-20.demo.com,Miami,FL,33101,USA
William,Davis,Burberry Group,Specialist,william.davis.256@off-20.demo.com,Portland,OR,97201,USA
Betty,Rodriguez,Burberry Group,Coordinator,betty.rodriguez.257@off-20.demo.com,Atlanta,GA,30301,USA
Richard,Martinez,Burberry Group,Analyst,richard.martinez.258@off-20.demo.com,Boston,MA,02101,USA
Sandra,Hernandez,Burberry Group,Manager,sandra.hernandez.259@off-20.demo.com,Seattle,WA,98101,USA
Thomas,Lopez,Capita,Director,thomas.lopez.260@off-21.demo.com,Austin,TX,78701,USA
Patricia,Gonzalez,Capita,VP,patricia.gonzalez.261@off-21.demo.com,Chicago,IL,60601,USA
Christopher,Wilson,Capita,Engineer,christopher.wilson.262@off-21.demo.com,Denver,CO,80202,USA
Linda,Anderson,Capita,Consultant,linda.anderson.263@off-21.demo.com,Miami,FL,33101,USA
Matthew,Thomas,Capita,Specialist,matthew.thomas.264@off-21.demo.com,Portland,OR,97201,USA
Barbara,Taylor,Capita,Coordinator,barbara.taylor.265@off-21.demo.com,Atlanta,GA,30301,USA
Mark,Moore,Capita,Analyst,mark.moore.266@off-21.demo.com,Boston,MA,02101,USA
Jessica,Jackson,Capita,Manager,jessica.jackson.267@off-21.demo.com,Seattle,WA,98101,USA
John,Martin,Capita,Director,john.martin.268@off-21.demo.com,Austin,TX,78701,USA
Karen,Lee,Capita,VP,karen.lee.269@off-21.demo.com,Chicago,IL,60601,USA
Michael,Perez,Carnival plc,Director,michael.perez.270@off-22.demo.com,Denver,CO,80202,USA
Nancy,Thompson,Carnival plc,VP,nancy.thompson.271@off-22.demo.com,Miami,FL,33101,USA
David,White,Carnival plc,Engineer,david.white.272@off-22.demo.com,Portland,OR,97201,USA
Margaret,Harris,Carnival plc,Consultant,margaret.harris.273@off-22.demo.com,Atlanta,GA,30301,USA
Joseph,Sanchez,Carnival plc,Specialist,joseph.sanchez.274@off-22.demo.com,Boston,MA,02101,USA
Mary,Clark,Carnival plc,Coordinator,mary.clark.275@off-22.demo.com,Seattle,WA,98101,USA
Charles,Ramirez,Carnival plc,Analyst,charles.ramirez.276@off-22.demo.com,Austin,TX,78701,USA
Jennifer,Lewis,Carnival plc,Manager,jennifer.lewis.277@off-22.demo.com,Chicago,IL,60601,USA
Daniel,Robinson,Carnival plc,Director,daniel.robinson.278@off-22.demo.com,Denver,CO,80202,USA
Elizabeth,Smith,Carnival plc,VP,elizabeth.smith.279@off-22.demo.com,Miami,FL,33101,USA
Anthony,Johnson,Centrica,Analyst,anthony.johnson.280@off-23.demo.com,Portland,OR,97201,USA
Susan,Williams,Centrica,Manager,susan.williams.281@off-23.demo.com,Atlanta,GA,30301,USA
James,Brown,Centrica,Director,james.brown.282@off-23.demo.com,Boston,MA,02101,USA
Sarah,Jones,Centrica,VP,sarah.jones.283@off-23.demo.com,Seattle,WA,98101,USA
Robert,Garcia,Centrica,Engineer,robert.garcia.284@off-23.demo.com,Austin,TX,78701,USA
Lisa,Miller,Centrica,Consultant,lisa.miller.285@off-23.demo.com,Chicago,IL,60601,USA
William,Davis,Centrica,Specialist,william.davis.286@off-23.demo.com,Denver,CO,80202,USA
Betty,Rodriguez,Centrica,Coordinator,betty.rodriguez.287@off-23.demo.com,Miami,FL,33101,USA
Richard,Martinez,Centrica,Analyst,richard.martinez.288@off-23.demo.com,Portland,OR,97201,USA
Sandra,Hernandez,Centrica,Manager,sandra.hernandez.289@off-23.demo.com,Atlanta,GA,30301,USA
Thomas,Lopez,Coca-Cola HBC AG,Director,thomas.lopez.290@off-24.demo.com,Boston,MA,02101,USA
Patricia,Gonzalez,Coca-Cola HBC AG,VP,patricia.gonzalez.291@off-24.demo.com,Seattle,WA,98101,USA
Christopher,Wilson,Coca-Cola HBC AG,Engineer,christopher.wilson.292@off-24.demo.com,Austin,TX,78701,USA
Linda,Anderson,Coca-Cola HBC AG,Consultant,linda.anderson.293@off-24.demo.com,Chicago,IL,60601,USA
Matthew,Thomas,Coca-Cola HBC AG,Specialist,matthew.thomas.294@off-24.demo.com,Denver,CO,80202,USA
Barbara,Taylor,Coca-Cola HBC AG,Coordinator,barbara.taylor.295@off-24.demo.com,Miami,FL,33101,USA
Mark,Moore,Coca-Cola HBC AG,Analyst,mark.moore.296@off-24.demo.com,Portland,OR,97201,USA
Jessica,Jackson,Coca-Cola HBC AG,Manager,jessica.jackson.297@off-24.demo.com,Atlanta,GA,30301,USA
John,Martin,Coca-Cola HBC AG,Director,john.martin.298@off-24.demo.com,Boston,MA,02101,USA
Karen,Lee,Coca-Cola HBC AG,VP,karen.lee.299@off-24.demo.com,Seattle,WA,98101,USA
Michael,Perez,Compass Group,Manager,michael.perez.300@off-25.demo.com,Austin,TX,78701,USA
Nancy,Thompson,Compass Group,Director,nancy.thompson.301@off-25.demo.com,Chicago,IL,60601,USA
David,White,Compass Group,VP,david.white.302@off-25.demo.com,Denver,CO,80202,USA
Margaret,Harris,Compass Group,Engineer,margaret.harris.303@off-25.demo.com,Miami,FL,33101,USA
Joseph,Sanchez,Compass Group,Consultant,joseph.sanchez.304@off-25.demo.com,Portland,OR,97201,USA
Mary,Clark,Compass Group,Specialist,mary.clark.305@off-25.demo.com,Atlanta,GA,30301,USA
Charles,Ramirez,Compass Group,Coordinator,charles.ramirez.306@off-25.demo.com,Boston,MA,02101,USA
Jennifer,Lewis,Compass Group,Analyst,jennifer.lewis.307@off-25.demo.com,Seattle,WA,98101,USA
Daniel,Robinson,Compass Group,Manager,daniel.robinson.308@off-25.demo.com,Austin,TX,78701,USA
Elizabeth,Smith,Compass Group,Director,elizabeth.smith.309@off-25.demo.com,Chicago,IL,60601,USA
Anthony,Johnson,Croda International,Manager,anthony.johnson.310@off-26.demo.com,Denver,CO,80202,USA
Susan,Williams,Croda International,Director,susan.williams.311@off-26.demo.com,Miami,FL,33101,USA
James,Brown,Croda International,VP,james.brown.312@off-26.demo.com,Portland,OR,97201,USA
Sarah,Jones,Croda International,Engineer,sarah.jones.313@off-26.demo.com,Atlanta,GA,30301,USA
Robert,Garcia,Croda International,Consultant,robert.garcia.314@off-26.demo.com,Boston,MA,02101,USA
Lisa,Miller,Croda International,Specialist,lisa.miller.315@off-26.demo.com,Seattle,WA,98101,USA
William,Davis,Croda International,Coordinator,william.davis.316@off-26.demo.com,Austin,TX,78701,USA
Betty,Rodriguez,Croda International,Analyst,betty.rodriguez.317@off-26.demo.com,Chicago,IL,60601,USA
Richard,Martinez,Croda International,Manager,richard.martinez.318@off-26.demo.com,Denver,CO,80202,USA
Sandra,Hernandez,Croda International,Director,sandra.hernandez.319@off-26.demo.com,Miami,FL,33101,USA
Thomas,Lopez,Diageo,Specialist,thomas.lopez.320@off-27.demo.com,Portland,OR,97201,USA
Patricia,Gonzalez,Diageo,Coordinator,patricia.gonzalez.321@off-27.demo.com,Atlanta,GA,30301,USA
Christopher,Wilson,Diageo,Analyst,christopher.wilson.322@off-27.demo.com,Boston,MA,02101,USA
Linda,Anderson,Diageo,Manager,linda.anderson.323@off-27.demo.com,Seattle,WA,98101,USA
Matthew,Thomas,Diageo,Director,matthew.thomas.324@off-27.demo.com,Austin,TX,78701,USA
Barbara,Taylor,Diageo,VP,barbara.taylor.325@off-27.demo.com,Chicago,IL,60601,USA
Mark,Moore,Diageo,Engineer,mark.moore.326@off-27.demo.com,Denver,CO,80202,USA
Jessica,Jackson,Diageo,Consultant,jessica.jackson.327@off-27.demo.com,Miami,FL,33101,USA
John,Martin,Diageo,Specialist,john.martin.328@off-27.demo.com,Portland,OR,97201,USA
Karen,Lee,Diageo,Coordinator,karen.lee.329@off-27.demo.com,Atlanta,GA,30301,USA
Michael,Perez,Eurasian Natural Resources,Engineer,michael.perez.330@off-28.demo.com,Boston,MA,02101,USA
Nancy,Thompson,Eurasian Natural Resources,Consultant,nancy.thompson.331@off-28.demo.com,Seattle,WA,98101,USA
David,White,Eurasian Natural Resources,Specialist,david.white.332@off-28.demo.com,Austin,TX,78701,USA
Margaret,Harris,Eurasian Natural Resources,Coordinator,margaret.harris.333@off-28.demo.com,Chicago,IL,60601,USA
Joseph,Sanchez,Eurasian Natural Resources,Analyst,joseph.sanchez.334@off-28.demo.com,Denver,CO,80202,USA
Mary,Clark,Eurasian Natural Resources,Manager,mary.clark.335@off-28.demo.com,Miami,FL,33101,USA
Charles,Ramirez,Eurasian Natural Resources,Director,charles.ramirez.336@off-28.demo.com,Portland,OR,97201,USA
Jennifer,Lewis,Eurasian Natural Resources,VP,jennifer.lewis.337@off-28.demo.com,Atlanta,GA,30301,USA
Daniel,Robinson,Eurasian Natural Resources,Engineer,daniel.robinson.338@off-28.demo.com,Boston,MA,02101,USA
Elizabeth,Smith,Eurasian Natural Resources,Consultant,elizabeth.smith.339@off-28.demo.com,Seattle,WA,98101,USA
Anthony,Johnson,Evraz,Manager,anthony.johnson.340@off-29.demo.com,Austin,TX,78701,USA
Susan,Williams,Evraz,Director,susan.williams.341@off-29.demo.com,Chicago,IL,60601,USA
James,Brown,Evraz,VP,james.brown.342@off-29.demo.com,Denver,CO,80202,USA
Sarah,Jones,Evraz,Engineer,sarah.jones.343@off-29.demo.com,Miami,FL,33101,USA
Robert,Garcia,Evraz,Consultant,robert.garcia.344@off-29.demo.com,Portland,OR,97201,USA
Lisa,Miller,Evraz,Specialist,lisa.miller.345@off-29.demo.com,Atlanta,GA,30301,USA
William,Davis,Evraz,Coordinator,william.davis.346@off-29.demo.com,Boston,MA,02101,USA
Betty,Rodriguez,Evraz,Analyst,betty.rodriguez.347@off-29.demo.com,Seattle,WA,98101,USA
Richard,Martinez,Evraz,Manager,richard.martinez.348@off-29.demo.com,Austin,TX,78701,USA
Sandra,Hernandez,Evraz,Director,sandra.hernandez.349@off-29.demo.com,Chicago,IL,60601,USA
Thomas,Lopez,Experian,Specialist,thomas.lopez.350@off-30.demo.com,Denver,CO,80202,USA
Patricia,Gonzalez,Experian,Coordinator,patricia.gonzalez.351@off-30.demo.com,Miami,FL,33101,USA
Christopher,Wilson,Experian,Analyst,christopher.wilson.352@off-30.demo.com,Portland,OR,97201,USA
Linda,Anderson,Experian,Manager,linda.anderson.353@off-30.demo.com,Atlanta,GA,30301,USA
Matthew,Thomas,Experian,Director,matthew.thomas.354@off-30.demo.com,Boston,MA,02101,USA
Barbara,Taylor,Experian,VP,barbara.taylor.355@off-30.demo.com,Seattle,WA,98101,USA
Mark,Moore,Experian,Engineer,mark.moore.356@off-30.demo.com,Austin,TX,78701,USA
Jessica,Jackson,Experian,Consultant,jessica.jackson.357@off-30.demo.com,Chicago,IL,60601,USA
John,Martin,Experian,Specialist,john.martin.358@off-30.demo.com,Denver,CO,80202,USA
Karen,Lee,Experian,Coordinator,karen.lee.359@off-30.demo.com,Miami,FL,33101,USA
Michael,Perez,Fresnillo plc,Consultant,michael.perez.360@off-31.demo.com,Portland,OR,97201,USA
Nancy,Thompson,Fresnillo plc,Specialist,nancy.thompson.361@off-31.demo.com,Atlanta,GA,30301,USA
David,White,Fresnillo plc,Coordinator,david.white.362@off-31.demo.com,Boston,MA,02101,USA
Margaret,Harris,Fresnillo plc,Analyst,margaret.harris.363@off-31.demo.com,Seattle,WA,98101,USA
Joseph,Sanchez,Fresnillo plc,Manager,joseph.sanchez.364@off-31.demo.com,Austin,TX,78701,USA
Mary,Clark,Fresnillo plc,Director,mary.clark.365@off-31.demo.com,Chicago,IL,60601,USA
Charles,Ramirez,Fresnillo plc,VP,charles.ramirez.366@off-31.demo.com,Denver,CO,80202,USA
Jennifer,Lewis,Fresnillo plc,Engineer,jennifer.lewis.367@off-31.demo.com,Miami,FL,33101,USA
Daniel,Robinson,Fresnillo plc,Consultant,daniel.robinson.368@off-31.demo.com,Portland,OR,97201,USA
Elizabeth,Smith,Fresnillo plc,Specialist,elizabeth.smith.369@off-31.demo.com,Atlanta,GA,30301,USA
Anthony,Johnson,G4S,Consultant,anthony.johnson.370@off-32.demo.com,Boston,MA,02101,USA
Susan,Williams,G4S,Specialist,susan.williams.371@off-32.demo.com,Seattle,WA,98101,USA
James,Brown,G4S,Coordinator,james.brown.372@off-32.demo.com,Austin,TX,78701,USA
Sarah,Jones,G4S,Analyst,sarah.jones.373@off-32.demo.com,Chicago,IL,60601,USA
Robert,Garcia,G4S,Manager,robert.garcia.374@off-32.demo.com,Denver,CO,80202,USA
Lisa,Miller,G4S,Director,lisa.miller.375@off-32.demo.com,Miami,FL,33101,USA
William,Davis,G4S,VP,william.davis.376@off-32.demo.com,Portland,OR,97201,USA
Betty,Rodriguez,G4S,Engineer,betty.rodriguez.377@off-32.demo.com,Atlanta,GA,30301,USA
Richard,Martinez,G4S,Consultant,richard.martinez.378@off-32.demo.com,Boston,MA,02101,USA
Sandra,Hernandez,G4S,Specialist,sandra.hernandez.379@off-32.demo.com,Seattle,WA,98101,USA
Thomas,Lopez,GKN,Coordinator,thomas.lopez.380@off-33.demo.com,Austin,TX,78701,USA
Patricia,Gonzalez,GKN,Analyst,patricia.gonzalez.381@off-33.demo.com,Chicago,IL,60601,USA
Christopher,Wilson,GKN,Manager,christopher.wilson.382@off-33.demo.com,Denver,CO,80202,USA
Linda,Anderson,GKN,Director,linda.anderson.383@off-33.demo.com,Miami,FL,33101,USA
Matthew,Thomas,GKN,VP,matthew.thomas.384@off-33.demo.com,Portland,OR,97201,USA
Barbara,Taylor,GKN,Engineer,barbara.taylor.385@off-33.demo.com,Atlanta,GA,30301,USA
Mark,Moore,GKN,Consultant,mark.moore.386@off-33.demo.com,Boston,MA,02101,USA
Jessica,Jackson,GKN,Specialist,jessica.jackson.387@off-33.demo.com,Seattle,WA,98101,USA
John,Martin,GKN,Coordinator,john.martin.388@off-33.demo.com,Austin,TX,78701,USA
Karen,Lee,GKN,Analyst,karen.lee.389@off-33.demo.com,Chicago,IL,60601,USA
Michael,Perez,GlaxoSmithKline,Consultant,michael.perez.390@off-34.demo.com,Denver,CO,80202,USA
Nancy,Thompson,GlaxoSmithKline,Specialist,nancy.thompson.391@off-34.demo.com,Miami,FL,33101,USA
David,White,GlaxoSmithKline,Coordinator,david.white.392@off-34.demo.com,Portland,OR,97201,USA
Margaret,Harris,GlaxoSmithKline,Analyst,margaret.harris.393@off-34.demo.com,Atlanta,GA,30301,USA
Joseph,Sanchez,GlaxoSmithKline,Manager,joseph.sanchez.394@off-34.demo.com,Boston,MA,02101,USA
Mary,Clark,GlaxoSmithKline,Director,mary.clark.395@off-34.demo.com,Seattle,WA,98101,USA
Charles,Ramirez,GlaxoSmithKline,VP,charles.ramirez.396@off-34.demo.com,Austin,TX,78701,USA
Jennifer,Lewis,GlaxoSmithKline,Engineer,jennifer.lewis.397@off-34.demo.com,Chicago,IL,60601,USA
Daniel,Robinson,GlaxoSmithKline,Consultant,daniel.robinson.398@off-34.demo.com,Denver,CO,80202,USA
Elizabeth,Smith,GlaxoSmithKline,Specialist,elizabeth.smith.399@off-34.demo.com,Miami,FL,33101,USA
Anthony,Johnson,Glencore International,Specialist,anthony.johnson.400@off-35.demo.com,Portland,OR,97201,USA
Susan,Williams,Glencore International,Coordinator,susan.williams.401@off-35.demo.com,Atlanta,GA,30301,USA
James,Brown,Glencore International,Analyst,james.brown.402@off-35.demo.com,Boston,MA,02101,USA
Sarah,Jones,Glencore International,Manager,sarah.jones.403@off-35.demo.com,Seattle,WA,98101,USA
Robert,Garcia,Glencore International,Director,robert.garcia.404@off-35.demo.com,Austin,TX,78701,USA
Lisa,Miller,Glencore International,VP,lisa.miller.405@off-35.demo.com,Chicago,IL,60601,USA
William,Davis,Glencore International,Engineer,william.davis.406@off-35.demo.com,Denver,CO,80202,USA
Betty,Rodriguez,Glencore International,Consultant,betty.rodriguez.407@off-35.demo.com,Miami,FL,33101,USA
Richard,Martinez,Glencore International,Specialist,richard.martinez.408@off-35.demo.com,Portland,OR,97201,USA
Sandra,Hernandez,Glencore International,Coordinator,sandra.hernandez.409@off-35.demo.com,Atlanta,GA,30301,USA
Thomas,Lopez,Hammerson,VP,thomas.lopez.410@off-36.demo.com,Boston,MA,02101,USA
Patricia,Gonzalez,Hammerson,Engineer,patricia.gonzalez.411@off-36.demo.com,Seattle,WA,98101,USA
Christopher,Wilson,Hammerson,Consultant,christopher.wilson.412@off-36.demo.com,Austin,TX,78701,USA
Linda,Anderson,Hammerson,Specialist,linda.anderson.413@off-36.demo.com,Chicago,IL,60601,USA
Matthew,Thomas,Hammerson,Coordinator,matthew.thomas.414@off-36.demo.com,Denver,CO,80202,USA
Barbara,Taylor,Hammerson,Analyst,barbara.taylor.415@off-36.demo.com,Miami,FL,33101,USA
Mark,Moore,Hammerson,Manager,mark.moore.416@off-36.demo.com,Portland,OR,97201,USA
Jessica,Jackson,Hammerson,Director,jessica.jackson.417@off-36.demo.com,Atlanta,GA,30301,USA
John,Martin,Hammerson,VP,john.martin.418@off-36.demo.com,Boston,MA,02101,USA
Karen,Lee,Hammerson,Engineer,karen.lee.419@off-36.demo.com,Seattle,WA,98101,USA
Michael,Perez,Hargreaves Lansdown,Coordinator,michael.perez.420@off-37.demo.com,Austin,TX,78701,USA
Nancy,Thompson,Hargreaves Lansdown,Analyst,nancy.thompson.421@off-37.demo.com,Chicago,IL,60601,USA
David,White,Hargreaves Lansdown,Manager,david.white.422@off-37.demo.com,Denver,CO,80202,USA
Margaret,Harris,Hargreaves Lansdown,Director,margaret.harris.423@off-37.demo.com,Miami,FL,33101,USA
Joseph,Sanchez,Hargreaves Lansdown,VP,joseph.sanchez.424@off-37.demo.com,Portland,OR,97201,USA
Mary,Clark,Hargreaves Lansdown,Engineer,mary.clark.425@off-37.demo.com,Atlanta,GA,30301,USA
Charles,Ramirez,Hargreaves Lansdown,Consultant,charles.ramirez.426@off-37.demo.com,Boston,MA,02101,USA
Jennifer,Lewis,Hargreaves Lansdown,Specialist,jennifer.lewis.427@off-37.demo.com,Seattle,WA,98101,USA
Daniel,Robinson,Hargreaves Lansdown,Coordinator,daniel.robinson.428@off-37.demo.com,Austin,TX,78701,USA
Elizabeth,Smith,Hargreaves Lansdown,Analyst,elizabeth.smith.429@off-37.demo.com,Chicago,IL,60601,USA
Anthony,Johnson,HSBC,Director,anthony.johnson.430@off-38.demo.com,Denver,CO,80202,USA
Susan,Williams,HSBC,VP,susan.williams.431@off-38.demo.com,Miami,FL,33101,USA
James,Brown,HSBC,Engineer,james.brown.432@off-38.demo.com,Portland,OR,97201,USA
Sarah,Jones,HSBC,Consultant,sarah.jones.433@off-38.demo.com,Atlanta,GA,30301,USA
Robert,Garcia,HSBC,Specialist,robert.garcia.434@off-38.demo.com,Boston,MA,02101,USA
Lisa,Miller,HSBC,Coordinator,lisa.miller.435@off-38.demo.com,Seattle,WA,98101,USA
William,Davis,HSBC,Analyst,william.davis.436@off-38.demo.com,Austin,TX,78701,USA
Betty,Rodriguez,HSBC,Manager,betty.rodriguez.437@off-38.demo.com,Chicago,IL,60601,USA
Richard,Martinez,HSBC,Director,richard.martinez.438@off-38.demo.com,Denver,CO,80202,USA
Sandra,Hernandez,HSBC,VP,sandra.hernandez.439@off-38.demo.com,Miami,FL,33101,USA
Thomas,Lopez,IMI plc,Coordinator,thomas.lopez.440@off-39.demo.com,Portland,OR,97201,USA
Patricia,Gonzalez,IMI plc,Analyst,patricia.gonzalez.441@off-39.demo.com,Atlanta,GA,30301,USA
Christopher,Wilson,IMI plc,Manager,christopher.wilson.442@off-39.demo.com,Boston,MA,02101,USA
Linda,Anderson,IMI plc,Director,linda.anderson.443@off-39.demo.com,Seattle,WA,98101,USA
Matthew,Thomas,IMI plc,VP,matthew.thomas.444@off-39.demo.com,Austin,TX,78701,USA
Barbara,Taylor,IMI plc,Engineer,barbara.taylor.445@off-39.demo.com,Chicago,IL,60601,USA
Mark,Moore,IMI plc,Consultant,mark.moore.446@off-39.demo.com,Denver,CO,80202,USA
Jessica,Jackson,IMI plc,Specialist,jessica.jackson.447@off-39.demo.com,Miami,FL,33101,USA
John,Martin,IMI plc,Coordinator,john.martin.448@off-39.demo.com,Portland,OR,97201,USA
Karen,Lee,IMI plc,Analyst,karen.lee.449@off-39.demo.com,Atlanta,GA,30301,USA
Michael,Perez,Imperial Tobacco Group,Analyst,michael.perez.450@off-40.demo.com,Boston,MA,02101,USA
Nancy,Thompson,Imperial Tobacco Group,Manager,nancy.thompson.451@off-40.demo.com,Seattle,WA,98101,USA
David,White,Imperial Tobacco Group,Director,david.white.452@off-40.demo.com,Austin,TX,78701,USA
Margaret,Harris,Imperial Tobacco Group,VP,margaret.harris.453@off-40.demo.com,Chicago,IL,60601,USA
Joseph,Sanchez,Imperial Tobacco Group,Engineer,joseph.sanchez.454@off-40.demo.com,Denver,CO,80202,USA
Mary,Clark,Imperial Tobacco Group,Consultant,mary.clark.455@off-40.demo.com,Miami,FL,33101,USA
Charles,Ramirez,Imperial Tobacco Group,Specialist,charles.ramirez.456@off-40.demo.com,Portland,OR,97201,USA
Jennifer,Lewis,Imperial Tobacco Group,Coordinator,jennifer.lewis.457@off-40.demo.com,Atlanta,GA,30301,USA
Daniel,Robinson,Imperial Tobacco Group,Analyst,daniel.robinson.458@off-40.demo.com,Boston,MA,02101,USA
Elizabeth,Smith,Imperial Tobacco Group,Manager,elizabeth.smith.459@off-40.demo.com,Seattle,WA,98101,USA
Anthony,Johnson,InterContinental Hotels Group,Manager,anthony.johnson.460@off-41.demo.com,Austin,TX,78701,USA
Susan,Williams,InterContinental Hotels Group,Director,susan.williams.461@off-41.demo.com,Chicago,IL,60601,USA
James,Brown,InterContinental Hotels Group,VP,james.brown.462@off-41.demo.com,Denver,CO,80202,USA
Sarah,Jones,InterContinental Hotels Group,Engineer,sarah.jones.463@off-41.demo.com,Miami,FL,33101,USA
Robert,Garcia,InterContinental Hotels Group,Consultant,robert.garcia.464@off-41.demo.com,Portland,OR,97201,USA
Lisa,Miller,InterContinental Hotels Group,Specialist,lisa.miller.465@off-41.demo.com,Atlanta,GA,30301,USA
William,Davis,InterContinental Hotels Group,Coordinator,william.davis.466@off-41.demo.com,Boston,MA,02101,USA
Betty,Rodriguez,InterContinental Hotels Group,Analyst,betty.rodriguez.467@off-41.demo.com,Seattle,WA,98101,USA
Richard,Martinez,InterContinental Hotels Group,Manager,richard.martinez.468@off-41.demo.com,Austin,TX,78701,USA
Sandra,Hernandez,InterContinental Hotels Group,Director,sandra.hernandez.469@off-41.demo.com,Chicago,IL,60601,USA
Thomas,Lopez,International Consolidated Airlines Group SA,Director,thomas.lopez.470@off-42.demo.com,Denver,CO,80202,USA
Patricia,Gonzalez,International Consolidated Airlines Group SA,VP,patricia.gonzalez.471@off-42.demo.com,Miami,FL,33101,USA
Christopher,Wilson,International Consolidated Airlines Group SA,Engineer,christopher.wilson.472@off-42.demo.com,Portland,OR,97201,USA
Linda,Anderson,International Consolidated Airlines Group SA,Consultant,linda.anderson.473@off-42.demo.com,Atlanta,GA,30301,USA
Matthew,Thomas,International Consolidated Airlines Group SA,Specialist,matthew.thomas.474@off-42.demo.com,Boston,MA,02101,USA
Barbara,Taylor,International Consolidated Airlines Group SA,Coordinator,barbara.taylor.475@off-42.demo.com,Seattle,WA,98101,USA
Mark,Moore,International Consolidated Airlines Group SA,Analyst,mark.moore.476@off-42.demo.com,Austin,TX,78701,USA
Jessica,Jackson,International Consolidated Airlines Group SA,Manager,jessica.jackson.477@off-42.demo.com,Chicago,IL,60601,USA
John,Martin,International Consolidated Airlines Group SA,Director,john.martin.478@off-42.demo.com,Denver,CO,80202,USA
Karen,Lee,International Consolidated Airlines Group SA,VP,karen.lee.479@off-42.demo.com,Miami,FL,33101,USA
Michael,Perez,Intertek Group,Specialist,michael.perez.480@off-43.demo.com,Portland,OR,97201,USA
Nancy,Thompson,Intertek Group,Coordinator,nancy.thompson.481@off-43.demo.com,Atlanta,GA,30301,USA
David,White,Intertek Group,Analyst,david.white.482@off-43.demo.com,Boston,MA,02101,USA
Margaret,Harris,Intertek Group,Manager,margaret.harris.483@off-43.demo.com,Seattle,WA,98101,USA
Joseph,Sanchez,Intertek Group,Director,joseph.sanchez.484@off-43.demo.com,Austin,TX,78701,USA
Mary,Clark,Intertek Group,VP,mary.clark.485@off-43.demo.com,Chicago,IL,60601,USA
Charles,Ramirez,Intertek Group,Engineer,charles.ramirez.486@off-43.demo.com,Denver,CO,80202,USA
Jennifer,Lewis,Intertek Group,Consultant,jennifer.lewis.487@off-43.demo.com,Miami,FL,33101,USA
Daniel,Robinson,Intertek Group,Specialist,daniel.robinson.488@off-43.demo.com,Portland,OR,97201,USA
Elizabeth,Smith,Intertek Group,Coordinator,elizabeth.smith.489@off-43.demo.com,Atlanta,GA,30301,USA
Anthony,Johnson,ITV plc,Manager,anthony.johnson.490@off-44.demo.com,Boston,MA,02101,USA
Susan,Williams,ITV plc,Director,susan.williams.491@off-44.demo.com,Seattle,WA,98101,USA
James,Brown,ITV plc,VP,james.brown.492@off-44.demo.com,Austin,TX,78701,USA
Sarah,Jones,ITV plc,Engineer,sarah.jones.493@off-44.demo.com,Chicago,IL,60601,USA
Robert,Garcia,ITV plc,Consultant,robert.garcia.494@off-44.demo.com,Denver,CO,80202,USA
Lisa,Miller,ITV plc,Specialist,lisa.miller.495@off-44.demo.com,Miami,FL,33101,USA
William,Davis,ITV plc,Coordinator,william.davis.496@off-44.demo.com,Portland,OR,97201,USA
Betty,Rodriguez,ITV plc,Analyst,betty.rodriguez.497@off-44.demo.com,Atlanta,GA,30301,USA
Richard,Martinez,ITV plc,Manager,richard.martinez.498@off-44.demo.com,Boston,MA,02101,USA
Sandra,Hernandez,ITV plc,Director,sandra.hernandez.499@off-44.demo.com,Seattle,WA,98101,USA
